insert into public.muscle_groups (name, slug, description, sort_order)
values
  ('Petto','petto','Muscoli pettorali e spinte orizzontali.',10),
  ('Dorso','dorso','Gran dorsale, romboidi, trapezio e tirate.',20),
  ('Spalle','spalle','Deltoidi anteriori, laterali e posteriori.',30),
  ('Bicipiti','bicipiti','Flessori del gomito.',40),
  ('Tricipiti','tricipiti','Estensori del gomito.',50),
  ('Gambe','gambe','Quadricipiti, femorali e polpacci.',60),
  ('Glutei','glutei','Grande, medio e piccolo gluteo.',70),
  ('Addome','addome','Core, retto addominale e obliqui.',80),
  ('Cardio','cardio','Condizionamento cardiovascolare.',90),
  ('Full body','full-body','Movimenti globali multiarticolari.',100),
  ('Mobilita','mobilita','Mobilita articolare e controllo motorio.',110),
  ('Stretching','stretching','Allungamento e recupero.',120)
on conflict (slug) do update set
  name = excluded.name,
  description = excluded.description,
  sort_order = excluded.sort_order;

insert into public.machine_catalog (name, muscle_group, category, description, usage_notes, difficulty, is_bodyweight)
values
  ('Panca piana','Petto','Panca','Panca per spinte orizzontali con bilanciere o manubri.','Regolare appoggi e mantenere scapole addotte.','Intermedio',false),
  ('Panca inclinata','Petto','Panca','Panca inclinabile per focus alto petto.','Evitare arco lombare eccessivo.','Intermedio',false),
  ('Chest press','Petto','Macchina guidata','Macchina per spinte al petto.','Regolare seduta allineando maniglie al petto.','Principiante',false),
  ('Pec deck','Petto','Macchina guidata','Macchina per adduzione orizzontale del braccio.','Movimento controllato, gomiti morbidi.','Principiante',false),
  ('Cavi incrociati','Petto','Cavi','Stazione cavi per croci e spinte.','Controllare traiettoria e tensione continua.','Intermedio',false),
  ('Dip station','Petto','Stazione corpo libero','Parallele per dip petto e tricipiti.','Scendere senza stressare la spalla.','Avanzato',true),
  ('Lat machine','Dorso','Macchina guidata','Trazione verticale per dorsali.','Petto alto, gomiti verso il basso.','Principiante',false),
  ('Pulley basso','Dorso','Macchina guidata','Trazione orizzontale da seduto.','Evitare slanci lombari.','Principiante',false),
  ('Rematore machine','Dorso','Macchina guidata','Rematore guidato con supporto torace.','Mantenere scapole attive.','Intermedio',false),
  ('T-bar row','Dorso','Macchina/carico libero','Rematore a T per dorso spesso.','Schiena neutra e presa stabile.','Intermedio',false),
  ('Pull-up station','Dorso','Stazione corpo libero','Sbarra per trazioni.','Usare elastico se necessario.','Avanzato',true),
  ('Hyperextension bench','Dorso','Panca','Panca per estensioni lombari.','Movimento da anche, non iperestendere.','Principiante',false),
  ('Shoulder press','Spalle','Macchina guidata','Spinta verticale guidata.','Regolare seduta e non bloccare gomiti.','Principiante',false),
  ('Alzate laterali machine','Spalle','Macchina guidata','Isolamento deltoide laterale.','Evitare compensi del trapezio.','Principiante',false),
  ('Cavi regolabili','Spalle','Cavi','Stazione multifunzione per spalle e braccia.','Impostare altezza carrucole corretta.','Intermedio',false),
  ('Manubri','Spalle','Attrezzatura libera','Carichi liberi per esercizi multiuso.','Scegliere carico gestibile.','Principiante',false),
  ('Multipower','Spalle','Macchina guidata','Smith machine per spinte e squat guidati.','Controllare traiettoria obbligata.','Intermedio',false),
  ('Leg press','Gambe','Macchina guidata','Pressa per quadricipiti e glutei.','Ginocchia in linea con piedi.','Principiante',false),
  ('Hack squat','Gambe','Macchina guidata','Squat guidato con schienale.','Controllare profondita e bacino.','Intermedio',false),
  ('Leg extension','Gambe','Macchina guidata','Isolamento quadricipiti.','Allineare ginocchio al perno.','Principiante',false),
  ('Leg curl','Gambe','Macchina guidata','Isolamento femorali.','Evitare sollevamento bacino.','Principiante',false),
  ('Calf machine','Gambe','Macchina guidata','Macchina per polpacci.','Massimo allungamento e contrazione.','Principiante',false),
  ('Smith machine','Gambe','Macchina guidata','Bilanciere guidato per squat e affondi.','Valutare traiettoria personale.','Intermedio',false),
  ('Hip thrust machine','Glutei','Macchina guidata','Macchina per estensione anca.','Retroversione del bacino in chiusura.','Intermedio',false),
  ('Glute machine','Glutei','Macchina guidata','Estensione anca guidata.','Non ruotare il bacino.','Principiante',false),
  ('Abductor machine','Glutei','Macchina guidata','Abduzione anche da seduto.','Controllare eccentrica.','Principiante',false),
  ('Adductor machine','Gambe','Macchina guidata','Adduzione anche da seduto.','Range comodo e controllato.','Principiante',false),
  ('Cable kickback','Glutei','Cavi','Slanci posteriori ai cavi.','Busto stabile, movimento da anca.','Intermedio',false),
  ('Hip thrust bench','Glutei','Panca','Panca per hip thrust libero.','Appoggio scapolare stabile.','Intermedio',false),
  ('Curl machine','Bicipiti','Macchina guidata','Curl guidato per bicipiti.','Non staccare gomiti dal supporto.','Principiante',false),
  ('Panca Scott','Bicipiti','Panca','Supporto per curl concentrato.','Evitare iperestensione del gomito.','Intermedio',false),
  ('Triceps pushdown ai cavi','Tricipiti','Cavi','Estensione tricipiti con cavo alto.','Gomiti fermi vicino al busto.','Principiante',false),
  ('Dip machine','Tricipiti','Macchina guidata','Dip assistito/guidato.','Controllare spalle in basso.','Principiante',false),
  ('Ab crunch machine','Addome','Macchina guidata','Flessione tronco guidata.','Espirare in chiusura.','Principiante',false),
  ('Roman chair','Addome','Stazione corpo libero','Stazione per leg raise e core.','Evitare slancio delle gambe.','Intermedio',true),
  ('Tappetino','Addome','Attrezzatura base','Supporto per esercizi a terra.','Mantenere controllo lombare.','Principiante',true),
  ('Cable crunch station','Addome','Cavi','Crunch con cavo alto.','Chiudere costole verso bacino.','Intermedio',false),
  ('Tapis roulant','Cardio','Cardio','Camminata e corsa indoor.','Impostare velocita e pendenza adatte.','Principiante',false),
  ('Cyclette','Cardio','Cardio','Bike indoor a basso impatto.','Regolare sella e resistenza.','Principiante',false),
  ('Ellittica','Cardio','Cardio','Cardio a basso impatto globale.','Postura alta e ritmo stabile.','Principiante',false),
  ('Stair climber','Cardio','Cardio','Simulatore scale.','Non appoggiarsi eccessivamente.','Intermedio',false),
  ('Vogatore','Cardio','Cardio','Condizionamento total body.','Sequenza gambe-busto-braccia.','Intermedio',false),
  ('Assault bike','Cardio','Cardio','Bike ad aria per HIIT.','Gestire intensita progressiva.','Avanzato',false)
on conflict (name) do update set
  muscle_group = excluded.muscle_group,
  category = excluded.category,
  description = excluded.description,
  usage_notes = excluded.usage_notes,
  difficulty = excluded.difficulty,
  is_bodyweight = excluded.is_bodyweight;

insert into public.exercise_catalog (name, muscle_group, secondary_muscles, equipment, difficulty, movement_type, description, execution_notes, common_mistakes, default_sets, default_reps, default_rest_seconds)
values
  ('Panca piana bilanciere','Petto',array['Tricipiti','Spalle'],'Bilanciere','Intermedio','Spinta','Spinta orizzontale multiarticolare.','Scapole addotte e piedi stabili.','Rimbalzare il bilanciere sul petto.',4,'6-10',120),
  ('Panca inclinata manubri','Petto',array['Spalle','Tricipiti'],'Manubri','Intermedio','Spinta','Spinta inclinata per alto petto.','Controllare discesa e traiettoria.','Aprire eccessivamente i gomiti.',4,'8-12',90),
  ('Croci ai cavi','Petto',array['Spalle'],'Cavi','Intermedio','Isolamento','Adduzione orizzontale con tensione continua.','Gomiti morbidi e movimento ad arco.','Usare troppo carico.',3,'12-15',60),
  ('Chest press','Petto',array['Tricipiti'],'Chest press','Principiante','Spinta','Spinta guidata al petto.','Maniglie allineate al petto.','Staccare schiena dallo schienale.',3,'10-12',75),
  ('Push up','Petto',array['Tricipiti','Core'],'Corpo libero','Principiante','Spinta','Piegamento a terra.','Corpo in linea e gomiti controllati.','Cedere con il bacino.',3,'8-15',60),
  ('Dip alle parallele','Petto',array['Tricipiti','Spalle'],'Dip station','Avanzato','Spinta','Dip con focus petto.','Leggera inclinazione avanti.','Scendere oltre mobilita disponibile.',3,'6-10',90),
  ('Panca declinata bilanciere','Petto',array['Tricipiti'],'Bilanciere','Intermedio','Spinta','Spinta declinata per porzione bassa.','Polsi neutri e controllo.','Perdere setup scapolare.',3,'8-10',90),
  ('Croci manubri panca piana','Petto',array['Spalle'],'Manubri','Intermedio','Isolamento','Croci libere su panca.','Allungamento controllato.','Trasformare in spinta.',3,'10-12',75),
  ('Pullover manubrio','Petto',array['Dorso','Core'],'Manubrio','Intermedio','Accessoria','Movimento di espansione toracica.','Range sicuro per spalle.','Inarcare troppo la schiena.',3,'10-12',75),
  ('Panca inclinata bilanciere','Petto',array['Spalle','Tricipiti'],'Bilanciere','Intermedio','Spinta','Spinta inclinata stabile.','Bilanciere verso alto petto.','Rimbalzare o perdere controllo.',4,'6-10',120),
  ('Lat machine presa larga','Dorso',array['Bicipiti'],'Lat machine','Principiante','Trazione','Trazione verticale ampia.','Petto alto e gomiti bassi.','Tirare dietro la nuca.',4,'8-12',90),
  ('Lat machine presa stretta','Dorso',array['Bicipiti'],'Lat machine','Principiante','Trazione','Trazione verticale presa stretta.','Chiudere gomiti verso il busto.','Dondolare col busto.',4,'8-12',90),
  ('Pulley basso','Dorso',array['Bicipiti'],'Pulley','Principiante','Trazione','Remata orizzontale da seduto.','Schiena neutra e scapole attive.','Tirare solo con le braccia.',4,'10-12',90),
  ('Rematore manubrio','Dorso',array['Bicipiti','Core'],'Manubrio','Intermedio','Trazione','Remata monolaterale.','Spalla lontana dall orecchio.','Ruotare il busto.',3,'10 per lato',75),
  ('Rematore bilanciere','Dorso',array['Bicipiti','Core'],'Bilanciere','Intermedio','Trazione','Remata busto flesso.','Hip hinge e schiena neutra.','Perdere posizione lombare.',4,'6-10',120),
  ('Trazioni alla sbarra','Dorso',array['Bicipiti','Core'],'Sbarra','Avanzato','Trazione','Trazione verticale corpo libero.','Partire da scapole attive.','Slancio e range parziale.',3,'max tecnico',120),
  ('Pullover ai cavi','Dorso',array['Petto'],'Cavi','Intermedio','Isolamento','Estensione spalla a braccia tese.','Costole basse e tensione dorsale.','Flettere troppo i gomiti.',3,'12-15',60),
  ('Hyperextension','Dorso',array['Glutei','Gambe'],'Panca romana','Principiante','Estensione','Estensione anca/lombare.','Muoversi dalle anche.','Iperestendere in alto.',3,'12-15',60),
  ('T-bar row','Dorso',array['Bicipiti'],'T-bar','Intermedio','Trazione','Remata con barra a T.','Torace stabile e tirata verso ombelico.','Carico eccessivo.',4,'8-10',90),
  ('Rematore machine','Dorso',array['Bicipiti'],'Macchina','Principiante','Trazione','Remata guidata.','Controllare scapole.','Perdere contatto col supporto.',3,'10-12',75),
  ('Military press','Spalle',array['Tricipiti','Core'],'Bilanciere','Intermedio','Spinta','Spinta verticale in piedi.','Glutei attivi e traiettoria verticale.','Inarcare la schiena.',4,'6-8',120),
  ('Shoulder press manubri','Spalle',array['Tricipiti'],'Manubri','Intermedio','Spinta','Spinta verticale seduta o in piedi.','Controllare polsi e gomiti.','Scendere senza controllo.',3,'8-12',90),
  ('Alzate laterali','Spalle',array[]::text[],'Manubri','Principiante','Isolamento','Isolamento deltoide laterale.','Gomiti leggermente flessi.','Alzare le spalle.',4,'12-20',60),
  ('Alzate frontali','Spalle',array[]::text[],'Manubri','Principiante','Isolamento','Isolamento deltoide anteriore.','Movimento controllato fino spalle.','Usare slancio.',3,'10-15',60),
  ('Face pull','Spalle',array['Dorso'],'Cavi','Intermedio','Trazione','Tirata al volto per deltoidi posteriori.','Gomiti alti e scapole attive.','Iperestendere lombare.',3,'12-15',60),
  ('Tirate al mento','Spalle',array['Trapezio'],'Bilanciere','Intermedio','Trazione','Tirata verticale.','Range comodo per spalle.','Gomiti troppo alti se doloroso.',3,'10-12',75),
  ('Reverse fly','Spalle',array['Dorso'],'Manubri','Principiante','Isolamento','Aperture posteriori.','Petto supportato se possibile.','Slanciare il busto.',3,'12-15',60),
  ('Arnold press','Spalle',array['Tricipiti'],'Manubri','Intermedio','Spinta','Spinta con rotazione.','Rotazione fluida e controllo.','Carico eccessivo.',3,'8-10',90),
  ('Scrollate manubri','Spalle',array['Trapezio'],'Manubri','Principiante','Isolamento','Elevazione scapole.','Pausa in alto.','Ruotare le spalle.',3,'10-15',60),
  ('Curl bilanciere','Bicipiti',array['Avambracci'],'Bilanciere','Principiante','Flessone gomito','Curl base per bicipiti.','Gomiti fermi.','Slancio col busto.',3,'8-12',75),
  ('Curl manubri','Bicipiti',array['Avambracci'],'Manubri','Principiante','Flessone gomito','Curl alternato o simultaneo.','Supinare e controllare eccentrica.','Alzare gomiti in avanti.',3,'10-12',60),
  ('Curl martello','Bicipiti',array['Avambracci'],'Manubri','Principiante','Flessone gomito','Curl presa neutra.','Polso neutro.','Perdere controllo in discesa.',3,'10-12',60),
  ('Curl ai cavi','Bicipiti',array['Avambracci'],'Cavi','Principiante','Flessone gomito','Curl con tensione costante.','Gomiti vicino al busto.','Carico eccessivo.',3,'12-15',60),
  ('Curl panca Scott','Bicipiti',array[]::text[],'Panca Scott','Intermedio','Flessone gomito','Curl con braccio supportato.','Non bloccare gomito in basso.','Scendere troppo velocemente.',3,'8-12',75),
  ('Curl concentrato','Bicipiti',array[]::text[],'Manubrio','Principiante','Flessone gomito','Curl singolo concentrato.','Controllo totale.','Ruotare il busto.',3,'10-12',60),
  ('Pushdown corda','Tricipiti',array[]::text[],'Cavi','Principiante','Estensione gomito','Estensione tricipiti al cavo.','Aprire la corda in basso.','Muovere i gomiti.',3,'10-15',60),
  ('French press','Tricipiti',array[]::text[],'Bilanciere EZ','Intermedio','Estensione gomito','Estensione tricipiti da sdraiato.','Gomiti stabili.','Carico troppo alto.',3,'8-12',75),
  ('Dip panca','Tricipiti',array['Spalle'],'Panca','Principiante','Spinta','Dip con mani su panca.','Spalle basse e range controllato.','Scendere troppo se fastidio spalla.',3,'10-15',60),
  ('Estensioni sopra la testa','Tricipiti',array[]::text[],'Manubrio','Intermedio','Estensione gomito','Estensione tricipiti overhead.','Costole basse.','Aprire i gomiti.',3,'10-12',60),
  ('Pushdown barra','Tricipiti',array[]::text[],'Cavi','Principiante','Estensione gomito','Estensione tricipiti con barra.','Gomiti fermi.','Usare spalle per spingere.',3,'10-15',60),
  ('Kickback tricipiti','Tricipiti',array[]::text[],'Manubri','Principiante','Estensione gomito','Estensione tricipiti busto flesso.','Braccio parallelo al busto.','Slanciare il peso.',3,'12-15',60),
  ('Squat','Gambe',array['Glutei','Core'],'Bilanciere','Intermedio','Squat','Accosciata multiarticolare.','Ginocchia in linea e schiena neutra.','Perdere profondita o collassare ginocchia.',4,'5-8',150),
  ('Leg press','Gambe',array['Glutei'],'Leg press','Principiante','Spinta gambe','Pressa guidata.','Piedi stabili e controllo discesa.','Staccare bacino.',4,'10-12',90),
  ('Affondi','Gambe',array['Glutei'],'Manubri','Intermedio','Unilaterale','Affondo statico o camminato.','Passo stabile e busto controllato.','Ginocchio instabile.',3,'10 per lato',75),
  ('Leg extension','Gambe',array[]::text[],'Leg extension','Principiante','Isolamento','Estensione ginocchio.','Pausa in alto.','Slanciare il carico.',3,'12-15',60),
  ('Leg curl','Gambe',array[]::text[],'Leg curl','Principiante','Isolamento','Flessione ginocchio.','Bacino stabile.','Accorciare il range.',3,'10-15',60),
  ('Stacco rumeno','Gambe',array['Glutei','Dorso'],'Bilanciere','Intermedio','Hip hinge','Hinge per femorali e glutei.','Anche indietro, schiena neutra.','Piegare troppo le ginocchia.',4,'6-10',120),
  ('Calf raise','Gambe',array[]::text[],'Macchina/manubri','Principiante','Isolamento','Estensione caviglia.','Massimo allungamento e picco.','Rimbalzo rapido.',4,'12-20',45),
  ('Hack squat','Gambe',array['Glutei'],'Hack squat','Intermedio','Squat guidato','Squat guidato su macchina.','Piedi stabili e range controllato.','Perdere contatto schienale.',4,'8-12',90),
  ('Front squat','Gambe',array['Core'],'Bilanciere','Avanzato','Squat','Squat con bilanciere frontale.','Gomiti alti e busto verticale.','Perdere rack frontale.',3,'5-8',150),
  ('Bulgarian split squat','Gambe',array['Glutei'],'Manubri','Intermedio','Unilaterale','Squat bulgaro monopodalico.','Peso sul piede avanti.','Spingere solo con la gamba dietro.',3,'8-10 per lato',90),
  ('Hip thrust','Glutei',array['Gambe'],'Bilanciere','Intermedio','Hip hinge','Estensione anca da panca.','Retroversione in chiusura.','Iperestendere la schiena.',4,'8-12',90),
  ('Glute bridge','Glutei',array['Gambe'],'Corpo libero','Principiante','Hip hinge','Ponte glutei a terra.','Spingere dai talloni.','Inarcare lombare.',3,'12-15',60),
  ('Abductor machine','Glutei',array[]::text[],'Macchina','Principiante','Isolamento','Abduzione anche guidata.','Controllare ritorno.','Slanciare le ginocchia.',3,'15-20',45),
  ('Slanci ai cavi','Glutei',array['Gambe'],'Cavi','Intermedio','Isolamento','Estensione anca al cavo.','Bacino fermo.','Ruotare il busto.',3,'12-15 per lato',60),
  ('Hip thrust machine','Glutei',array['Gambe'],'Macchina','Principiante','Hip hinge','Hip thrust guidato.','Blocco alto controllato.','Carico prima della tecnica.',4,'10-12',90),
  ('Crunch','Addome',array[]::text[],'Tappetino','Principiante','Flessione tronco','Flessione addominale a terra.','Espirare in chiusura.','Tirare il collo.',3,'15-20',45),
  ('Plank','Addome',array['Spalle','Glutei'],'Tappetino','Principiante','Core stability','Tenuta isometrica.','Costole basse e glutei attivi.','Cedere con il bacino.',3,'30-60 sec',45),
  ('Leg raise','Addome',array[]::text[],'Roman chair','Intermedio','Flessione anche','Sollevamento gambe.','Controllare bacino.','Slanciare le gambe.',3,'10-15',60),
  ('Russian twist','Addome',array['Obliqui'],'Tappetino','Principiante','Rotazione','Rotazioni del busto.','Movimento controllato.','Muovere solo le braccia.',3,'20 totali',45),
  ('Cable crunch','Addome',array[]::text[],'Cavi','Intermedio','Flessione tronco','Crunch al cavo alto.','Chiudere costole verso bacino.','Tirare con le braccia.',3,'12-15',60),
  ('Mountain climber','Addome',array['Cardio'],'Corpo libero','Principiante','Condizionamento','Core dinamico e cardio.','Spalle sopra mani.','Rimbalzare con bacino alto.',3,'30-45 sec',45),
  ('Dead bug','Addome',array[]::text[],'Tappetino','Principiante','Core stability','Controllo lombo-pelvico.','Schiena aderente al suolo.','Perdere controllo lombare.',3,'8-10 per lato',45),
  ('Pallof press','Addome',array['Spalle'],'Cavi/elastico','Intermedio','Anti-rotazione','Spinta antirotazionale.','Bacino fermo.','Ruotare verso il cavo.',3,'10-12 per lato',45),
  ('Camminata tapis roulant','Cardio',array['Gambe'],'Tapis roulant','Principiante','Cardio','Camminata controllata.','Postura alta e ritmo costante.','Appoggiarsi ai corrimano.',1,'20-40 min',0),
  ('Corsa tapis roulant','Cardio',array['Gambe'],'Tapis roulant','Intermedio','Cardio','Corsa indoor.','Cadenza fluida.','Aumentare troppo presto.',1,'15-30 min',0),
  ('Cyclette','Cardio',array['Gambe'],'Cyclette','Principiante','Cardio','Cardio a basso impatto.','Regolare sella e resistenza.','Ginocchia troppo chiuse.',1,'20-40 min',0),
  ('Ellittica','Cardio',array['Gambe','Spalle'],'Ellittica','Principiante','Cardio','Cardio globale.','Movimento fluido.','Postura collassata.',1,'20-35 min',0),
  ('Vogatore','Cardio',array['Dorso','Gambe'],'Vogatore','Intermedio','Cardio','Condizionamento total body.','Gambe-busto-braccia.','Tirare subito con braccia.',1,'10-20 min',0),
  ('HIIT bike','Cardio',array['Gambe'],'Assault bike','Avanzato','HIIT','Intervalli ad alta intensita.','Gestire recuperi.','Partire troppo forte.',1,'8-15 min',0),
  ('Stair climber','Cardio',array['Gambe','Glutei'],'Stair climber','Intermedio','Cardio','Salita scale indoor.','Passo costante.','Appoggiarsi troppo.',1,'10-25 min',0),
  ('Battle rope','Cardio',array['Spalle','Core'],'Corde','Intermedio','HIIT','Onde con corde.','Core attivo.','Usare solo braccia.',4,'20-30 sec',45),
  ('Stretching quadricipite','Stretching',array['Gambe'],'Corpo libero','Principiante','Stretching','Allungamento quadricipite.','Bacino neutro.','Inarcare schiena.',2,'30-45 sec',15),
  ('Stretching femorali','Stretching',array['Gambe'],'Corpo libero','Principiante','Stretching','Allungamento posteriori coscia.','Schiena lunga.','Forzare dolore.',2,'30-45 sec',15),
  ('Stretching pettorale','Stretching',array['Spalle'],'Parete','Principiante','Stretching','Apertura pettorale.','Respirazione lenta.','Ruotare eccessivamente.',2,'30-45 sec',15),
  ('Mobilita anche','Mobilita',array['Glutei'],'Tappetino','Principiante','Mobilita','Routine mobilita anca.','Movimenti lenti.','Compensare con lombare.',2,'8-10 per lato',20),
  ('Mobilita spalle','Mobilita',array['Spalle'],'Bastone/elastico','Principiante','Mobilita','Routine spalle.','Range senza dolore.','Forzare oltre controllo.',2,'10-12',20),
  ('Cat cow','Mobilita',array['Dorso'],'Tappetino','Principiante','Mobilita','Mobilizzazione colonna.','Sincronizzare respiro.','Movimento troppo rapido.',2,'8-12',20),
  ('World greatest stretch','Mobilita',array['Gambe','Dorso'],'Corpo libero','Intermedio','Mobilita','Sequenza globale anche e torace.','Controllare appoggi.','Correre nel movimento.',2,'5 per lato',20),
  ('Child pose','Stretching',array['Dorso'],'Tappetino','Principiante','Stretching','Scarico dorsale e anche.','Respirazione profonda.','Spalle tese.',2,'45-60 sec',15),
  ('Farmer walk','Full body',array['Core','Gambe','Avambracci'],'Manubri','Intermedio','Carry','Camminata con carichi.','Postura alta e passi brevi.','Inclinarsi lateralmente.',4,'20-40 m',60),
  ('Kettlebell swing','Full body',array['Glutei','Gambe','Dorso'],'Kettlebell','Intermedio','Hip hinge','Swing balistico.','Spinta d anca, braccia rilassate.','Squattare il movimento.',4,'12-20',60),
  ('Burpee','Full body',array['Cardio','Petto','Gambe'],'Corpo libero','Avanzato','Condizionamento','Esercizio metabolico globale.','Atterrare morbidi.','Perdere controllo lombare.',4,'8-12',60),
  ('Thruster manubri','Full body',array['Spalle','Gambe'],'Manubri','Avanzato','Spinta/Squat','Squat piu spinta verticale.','Trasferire forza dalle gambe.','Spezzare il ritmo.',4,'8-10',90)
on conflict (name) do update set
  muscle_group = excluded.muscle_group,
  secondary_muscles = excluded.secondary_muscles,
  equipment = excluded.equipment,
  difficulty = excluded.difficulty,
  movement_type = excluded.movement_type,
  description = excluded.description,
  execution_notes = excluded.execution_notes,
  common_mistakes = excluded.common_mistakes,
  default_sets = excluded.default_sets,
  default_reps = excluded.default_reps,
  default_rest_seconds = excluded.default_rest_seconds;

insert into public.food_catalog (name, category, calories_per_100g, proteins_per_100g, carbs_per_100g, fats_per_100g, unit, notes)
values
  ('Riso basmati','Carboidrati',356,7.0,78.0,0.8,'g','Peso a crudo'),
  ('Riso integrale','Carboidrati',360,7.5,76.0,2.7,'g','Peso a crudo'),
  ('Pasta','Carboidrati',353,12.0,72.0,1.5,'g','Peso a crudo'),
  ('Pasta integrale','Carboidrati',340,13.0,65.0,2.5,'g','Peso a crudo'),
  ('Pane integrale','Carboidrati',247,9.0,41.0,4.2,'g',null),
  ('Pane bianco','Carboidrati',265,8.8,49.0,3.2,'g',null),
  ('Patate','Carboidrati',77,2.0,17.0,0.1,'g',null),
  ('Patate dolci','Carboidrati',86,1.6,20.0,0.1,'g',null),
  ('Avena','Carboidrati',389,16.9,66.3,6.9,'g',null),
  ('Gallette di riso','Carboidrati',387,8.0,82.0,3.0,'g',null),
  ('Cous cous','Carboidrati',376,12.8,77.0,0.6,'g','Peso a crudo'),
  ('Farro','Carboidrati',335,15.0,67.0,2.5,'g','Peso a crudo'),
  ('Orzo','Carboidrati',354,12.5,73.0,2.3,'g','Peso a crudo'),
  ('Quinoa','Carboidrati',368,14.1,64.2,6.1,'g','Peso a crudo'),
  ('Mais','Carboidrati',96,3.4,21.0,1.5,'g',null),
  ('Crackers integrali','Carboidrati',430,10.0,67.0,13.0,'g',null),
  ('Petto di pollo','Proteine',110,23.0,0.0,1.2,'g',null),
  ('Tacchino','Proteine',107,24.0,0.0,1.0,'g',null),
  ('Manzo magro','Proteine',130,22.0,0.0,4.5,'g',null),
  ('Uova','Proteine',143,13.0,1.1,9.5,'g',null),
  ('Albume','Proteine',52,11.0,0.7,0.2,'g',null),
  ('Tonno al naturale','Proteine',116,25.0,0.0,1.0,'g','Sgocciolato'),
  ('Salmone','Proteine',208,20.0,0.0,13.0,'g',null),
  ('Merluzzo','Proteine',82,18.0,0.0,0.7,'g',null),
  ('Yogurt greco','Proteine',59,10.0,3.6,0.4,'g','0% grassi'),
  ('Fiocchi di latte','Proteine',98,11.0,3.4,4.3,'g',null),
  ('Bresaola','Proteine',151,32.0,0.5,2.6,'g',null),
  ('Prosciutto crudo sgrassato','Proteine',160,28.0,0.0,5.0,'g',null),
  ('Tofu','Proteine',76,8.0,1.9,4.8,'g',null),
  ('Tempeh','Proteine',193,19.0,9.0,11.0,'g',null),
  ('Gamberi','Proteine',99,24.0,0.2,0.3,'g',null),
  ('Fesa di tacchino','Proteine',104,22.0,1.0,1.5,'g',null),
  ('Olio extravergine di oliva','Grassi',884,0.0,0.0,100.0,'g',null),
  ('Avocado','Grassi',160,2.0,8.5,14.7,'g',null),
  ('Mandorle','Grassi',579,21.0,22.0,50.0,'g',null),
  ('Noci','Grassi',654,15.0,14.0,65.0,'g',null),
  ('Burro di arachidi','Grassi',588,25.0,20.0,50.0,'g',null),
  ('Semi di chia','Grassi',486,17.0,42.0,31.0,'g',null),
  ('Semi di lino','Grassi',534,18.0,29.0,42.0,'g',null),
  ('Anacardi','Grassi',553,18.0,30.0,44.0,'g',null),
  ('Nocciole','Grassi',628,15.0,17.0,61.0,'g',null),
  ('Zucchine','Verdure',17,1.2,3.1,0.3,'g',null),
  ('Melanzane','Verdure',25,1.0,6.0,0.2,'g',null),
  ('Peperoni','Verdure',31,1.0,6.0,0.3,'g',null),
  ('Rucola','Verdure',25,2.6,3.7,0.7,'g',null),
  ('Spinaci','Verdure',23,2.9,3.6,0.4,'g',null),
  ('Broccoli','Verdure',34,2.8,6.6,0.4,'g',null),
  ('Insalata','Verdure',15,1.4,2.9,0.2,'g',null),
  ('Pomodori','Verdure',18,0.9,3.9,0.2,'g',null),
  ('Carote','Verdure',41,0.9,10.0,0.2,'g',null),
  ('Finocchi','Verdure',31,1.2,7.3,0.2,'g',null),
  ('Asparagi','Verdure',20,2.2,3.9,0.1,'g',null),
  ('Cavolfiore','Verdure',25,1.9,5.0,0.3,'g',null),
  ('Cetrioli','Verdure',16,0.7,3.6,0.1,'g',null),
  ('Funghi','Verdure',22,3.1,3.3,0.3,'g',null),
  ('Banana','Frutta',89,1.1,23.0,0.3,'g',null),
  ('Mela','Frutta',52,0.3,14.0,0.2,'g',null),
  ('Pera','Frutta',57,0.4,15.0,0.1,'g',null),
  ('Fragole','Frutta',32,0.7,7.7,0.3,'g',null),
  ('Arancia','Frutta',47,0.9,12.0,0.1,'g',null),
  ('Kiwi','Frutta',61,1.1,15.0,0.5,'g',null),
  ('Mirtilli','Frutta',57,0.7,14.0,0.3,'g',null),
  ('Ananas','Frutta',50,0.5,13.0,0.1,'g',null),
  ('Pesca','Frutta',39,0.9,10.0,0.3,'g',null),
  ('Uva','Frutta',69,0.7,18.0,0.2,'g',null),
  ('Ceci','Legumi',164,8.9,27.4,2.6,'g','Cotti'),
  ('Fagioli','Legumi',127,8.7,22.8,0.5,'g','Cotti'),
  ('Lenticchie','Legumi',116,9.0,20.0,0.4,'g','Cotte'),
  ('Piselli','Legumi',81,5.4,14.0,0.4,'g',null),
  ('Edamame','Legumi',121,11.9,8.9,5.2,'g',null),
  ('Latte parzialmente scremato','Latticini',46,3.4,4.8,1.6,'g',null),
  ('Latte scremato','Latticini',34,3.4,5.0,0.1,'g',null),
  ('Yogurt magro','Latticini',56,5.7,7.7,0.2,'g',null),
  ('Parmigiano','Latticini',431,38.0,4.1,29.0,'g',null),
  ('Ricotta magra','Latticini',138,11.0,4.0,8.0,'g',null),
  ('Mozzarella light','Latticini',170,20.0,2.0,9.0,'g',null),
  ('Skyr','Latticini',63,11.0,4.0,0.2,'g',null),
  ('Feta','Latticini',264,14.0,4.1,21.0,'g',null),
  ('Whey protein','Integratori',390,78.0,8.0,6.0,'g','Valori medi'),
  ('Creatina monoidrato','Integratori',0,0.0,0.0,0.0,'g','Dose tipica 3-5 g'),
  ('Miele','Extra',304,0.3,82.0,0.0,'g',null),
  ('Cioccolato fondente 85','Extra',600,8.0,22.0,50.0,'g',null),
  ('Marmellata','Extra',250,0.3,62.0,0.1,'g',null),
  ('Hummus','Extra',166,8.0,14.0,10.0,'g',null),
  ('Salsa di pomodoro','Extra',29,1.4,5.0,0.2,'g',null),
  ('Latte di soia','Latticini vegetali',33,3.3,1.8,1.8,'g',null),
  ('Latte di mandorla','Latticini vegetali',17,0.6,0.5,1.5,'g',null),
  ('Seitan','Proteine',121,24.0,4.0,1.5,'g',null),
  ('Sgombro','Proteine',205,19.0,0.0,14.0,'g',null),
  ('Orata','Proteine',121,20.0,0.0,4.0,'g',null),
  ('Polpo','Proteine',82,15.0,2.2,1.0,'g',null),
  ('Cottage cheese light','Latticini',72,12.0,3.0,1.5,'g',null),
  ('Muesli','Carboidrati',360,10.0,65.0,7.0,'g',null),
  ('Granola','Carboidrati',470,10.0,64.0,18.0,'g',null),
  ('Riso venere','Carboidrati',350,8.5,72.0,2.8,'g','Peso a crudo'),
  ('Noodles di riso','Carboidrati',364,6.0,80.0,1.0,'g','Peso a crudo'),
  ('Barbabietola','Verdure',43,1.6,10.0,0.2,'g',null),
  ('Cipolla','Verdure',40,1.1,9.3,0.1,'g',null),
  ('Zucca','Verdure',26,1.0,6.5,0.1,'g',null),
  ('Cachi','Frutta',70,0.6,19.0,0.2,'g',null),
  ('Melone','Frutta',34,0.8,8.0,0.2,'g',null)
on conflict (name) do update set
  category = excluded.category,
  calories_per_100g = excluded.calories_per_100g,
  proteins_per_100g = excluded.proteins_per_100g,
  carbs_per_100g = excluded.carbs_per_100g,
  fats_per_100g = excluded.fats_per_100g,
  unit = excluded.unit,
  notes = excluded.notes;

insert into public.meal_templates (name, meal_type, goal, description)
values
  ('Colazione proteica','Colazione','Definizione','Colazione ad alto apporto proteico e carboidrati moderati.'),
  ('Colazione bilanciata','Colazione','Mantenimento','Colazione completa con carboidrati, proteine e grassi.'),
  ('Spuntino pre workout','Spuntino','Performance','Spuntino digeribile prima dell allenamento.'),
  ('Spuntino post workout','Spuntino','Recupero','Spuntino con carboidrati e proteine dopo allenamento.'),
  ('Pranzo ipocalorico','Pranzo','Dimagrimento','Pranzo saziante con proteine magre e verdure.'),
  ('Pranzo massa muscolare','Pranzo','Massa','Pranzo ricco di carboidrati e proteine.'),
  ('Cena leggera','Cena','Definizione','Cena digeribile con carboidrati controllati.'),
  ('Cena alta proteina','Cena','Massa','Cena proteica per supporto recupero muscolare.')
on conflict (name) do update set
  meal_type = excluded.meal_type,
  goal = excluded.goal,
  description = excluded.description;

insert into public.meal_template_foods (meal_template_id, food_catalog_id, quantity, notes)
select mt.id, fc.id, item.quantity, item.notes
from (values
  ('Colazione proteica','Yogurt greco','200 g',null),
  ('Colazione proteica','Avena','40 g',null),
  ('Colazione proteica','Mirtilli','80 g',null),
  ('Colazione bilanciata','Pane integrale','70 g',null),
  ('Colazione bilanciata','Uova','2 unita',null),
  ('Colazione bilanciata','Avocado','50 g',null),
  ('Spuntino pre workout','Banana','1 media',null),
  ('Spuntino pre workout','Gallette di riso','3-4 pezzi',null),
  ('Spuntino post workout','Whey protein','30 g',null),
  ('Spuntino post workout','Riso basmati','70 g','Peso a crudo'),
  ('Pranzo ipocalorico','Petto di pollo','160 g',null),
  ('Pranzo ipocalorico','Zucchine','250 g',null),
  ('Pranzo ipocalorico','Olio extravergine di oliva','10 g',null),
  ('Pranzo massa muscolare','Riso basmati','100 g','Peso a crudo'),
  ('Pranzo massa muscolare','Manzo magro','180 g',null),
  ('Pranzo massa muscolare','Broccoli','200 g',null),
  ('Cena leggera','Merluzzo','180 g',null),
  ('Cena leggera','Insalata','200 g',null),
  ('Cena leggera','Patate','200 g',null),
  ('Cena alta proteina','Salmone','170 g',null),
  ('Cena alta proteina','Spinaci','200 g',null),
  ('Cena alta proteina','Olio extravergine di oliva','5 g',null)
) as item(template_name, food_name, quantity, notes)
join public.meal_templates mt on mt.name = item.template_name
join public.food_catalog fc on fc.name = item.food_name
on conflict (meal_template_id, food_catalog_id) do update set
  quantity = excluded.quantity,
  notes = excluded.notes;

insert into public.workout_templates (name, goal, level, days_per_week, description)
values
  ('Full Body Principiante 3 Giorni','Adattamento','Principiante',3,'Scheda total body per costruire tecnica e abitudine.'),
  ('Ipertrofia Uomo 4 Giorni','Ipertrofia','Intermedio',4,'Split upper/lower con progressione sui multiarticolari.'),
  ('Ricomposizione Corporea 3 Giorni','Ricomposizione','Intermedio',3,'Mix forza, ipertrofia e condizionamento.'),
  ('Dimagrimento 3 Giorni','Dimagrimento','Principiante',3,'Allenamento metabolico con focus conservazione massa magra.'),
  ('Forza Base 4 Giorni','Forza','Intermedio',4,'Progressione base su squat, panca, tirate e hinge.'),
  ('Glutei e Gambe Focus 3 Giorni','Glutei','Intermedio',3,'Focus lower body con due richiami glutei.')
on conflict (name) do update set
  goal = excluded.goal,
  level = excluded.level,
  days_per_week = excluded.days_per_week,
  description = excluded.description;

insert into public.workout_template_days (workout_template_id, name, day_order, notes)
select wt.id, d.name, d.day_order, d.notes
from public.workout_templates wt
join (values
  ('Full Body Principiante 3 Giorni','Full body A',1,'Tecnica base e controllo.'),
  ('Full Body Principiante 3 Giorni','Full body B',2,'Trazioni, gambe e core.'),
  ('Full Body Principiante 3 Giorni','Full body C',3,'Progressione leggera.'),
  ('Ipertrofia Uomo 4 Giorni','Upper A',1,'Petto e dorso pesante.'),
  ('Ipertrofia Uomo 4 Giorni','Lower A',2,'Quadricipiti e femorali.'),
  ('Ipertrofia Uomo 4 Giorni','Upper B',3,'Spalle e braccia.'),
  ('Ipertrofia Uomo 4 Giorni','Lower B',4,'Glutei e posterior chain.'),
  ('Ricomposizione Corporea 3 Giorni','Forza full body',1,'Multiarticolari.'),
  ('Ricomposizione Corporea 3 Giorni','Ipertrofia upper/lower',2,'Volume controllato.'),
  ('Ricomposizione Corporea 3 Giorni','Metabolico e core',3,'Condizionamento.'),
  ('Dimagrimento 3 Giorni','Circuito A',1,'Circuito forza resistente.'),
  ('Dimagrimento 3 Giorni','Circuito B',2,'Lower e cardio.'),
  ('Dimagrimento 3 Giorni','Circuito C',3,'Full body HIIT.'),
  ('Forza Base 4 Giorni','Squat focus',1,'Progressione squat.'),
  ('Forza Base 4 Giorni','Panca focus',2,'Progressione panca.'),
  ('Forza Base 4 Giorni','Hinge focus',3,'Progressione stacco rumeno.'),
  ('Forza Base 4 Giorni','Upper pull focus',4,'Tirate e spalle.'),
  ('Glutei e Gambe Focus 3 Giorni','Glutei pesante',1,'Hip thrust e pressa.'),
  ('Glutei e Gambe Focus 3 Giorni','Upper mantenimento',2,'Parte alta in mantenimento.'),
  ('Glutei e Gambe Focus 3 Giorni','Glutei metabolico',3,'Volume e pump.')
) as d(template_name, name, day_order, notes) on d.template_name = wt.name
on conflict (workout_template_id, day_order) do update set
  name = excluded.name,
  notes = excluded.notes;

insert into public.workout_template_exercises (workout_template_day_id, exercise_catalog_id, exercise_order, sets, reps, rest_seconds, suggested_load, notes)
select wtd.id, ec.id, e.exercise_order, e.sets, e.reps, e.rest_seconds, e.suggested_load, e.notes
from public.workout_template_days wtd
join public.workout_templates wt on wt.id = wtd.workout_template_id
join (values
  ('Full Body Principiante 3 Giorni',1,'Leg press',1,3,'10-12',90,'RPE 7',null),
  ('Full Body Principiante 3 Giorni',1,'Chest press',2,3,'10-12',75,'RPE 7',null),
  ('Full Body Principiante 3 Giorni',1,'Lat machine presa larga',3,3,'10-12',75,'RPE 7',null),
  ('Full Body Principiante 3 Giorni',1,'Plank',4,3,'30 sec',45,null,null),
  ('Full Body Principiante 3 Giorni',2,'Affondi',1,3,'10 per lato',75,'Tecnico',null),
  ('Full Body Principiante 3 Giorni',2,'Pulley basso',2,3,'10-12',75,'RPE 7',null),
  ('Full Body Principiante 3 Giorni',2,'Shoulder press manubri',3,3,'10',75,'RPE 7',null),
  ('Full Body Principiante 3 Giorni',2,'Crunch',4,3,'15',45,null,null),
  ('Full Body Principiante 3 Giorni',3,'Squat',1,3,'8',120,'Tecnico',null),
  ('Full Body Principiante 3 Giorni',3,'Push up',2,3,'8-12',60,null,null),
  ('Full Body Principiante 3 Giorni',3,'Rematore manubrio',3,3,'10 per lato',75,'RPE 7',null),
  ('Full Body Principiante 3 Giorni',3,'Calf raise',4,3,'15',45,null,null),
  ('Ipertrofia Uomo 4 Giorni',1,'Panca piana bilanciere',1,4,'6-8',120,'RPE 8',null),
  ('Ipertrofia Uomo 4 Giorni',1,'Rematore bilanciere',2,4,'8',120,'RPE 8',null),
  ('Ipertrofia Uomo 4 Giorni',1,'Panca inclinata manubri',3,3,'10',90,'RPE 8',null),
  ('Ipertrofia Uomo 4 Giorni',1,'Lat machine presa larga',4,3,'10-12',90,'RPE 8',null),
  ('Ipertrofia Uomo 4 Giorni',2,'Squat',1,4,'6-8',150,'RPE 8',null),
  ('Ipertrofia Uomo 4 Giorni',2,'Leg press',2,4,'10',120,'RPE 8',null),
  ('Ipertrofia Uomo 4 Giorni',2,'Leg curl',3,3,'12',75,'RPE 8',null),
  ('Ipertrofia Uomo 4 Giorni',2,'Calf raise',4,4,'15',45,null,null),
  ('Ipertrofia Uomo 4 Giorni',3,'Military press',1,4,'6-8',120,'RPE 8',null),
  ('Ipertrofia Uomo 4 Giorni',3,'Alzate laterali',2,4,'15',60,null,null),
  ('Ipertrofia Uomo 4 Giorni',3,'Curl bilanciere',3,3,'10',60,null,null),
  ('Ipertrofia Uomo 4 Giorni',3,'Pushdown corda',4,3,'12',60,null,null),
  ('Ipertrofia Uomo 4 Giorni',4,'Stacco rumeno',1,4,'8',120,'RPE 8',null),
  ('Ipertrofia Uomo 4 Giorni',4,'Hip thrust',2,4,'10',120,'RPE 8',null),
  ('Ipertrofia Uomo 4 Giorni',4,'Hack squat',3,3,'10-12',90,'RPE 8',null),
  ('Ipertrofia Uomo 4 Giorni',4,'Abductor machine',4,3,'15-20',60,null,null),
  ('Ricomposizione Corporea 3 Giorni',1,'Squat',1,4,'6',150,'RPE 7-8',null),
  ('Ricomposizione Corporea 3 Giorni',1,'Panca piana bilanciere',2,4,'6',150,'RPE 7-8',null),
  ('Ricomposizione Corporea 3 Giorni',1,'Pulley basso',3,4,'8-10',90,'RPE 8',null),
  ('Ricomposizione Corporea 3 Giorni',1,'Pallof press',4,3,'10 per lato',45,null,null),
  ('Ricomposizione Corporea 3 Giorni',2,'Leg press',1,4,'10',90,'RPE 8',null),
  ('Ricomposizione Corporea 3 Giorni',2,'Chest press',2,3,'10-12',75,'RPE 8',null),
  ('Ricomposizione Corporea 3 Giorni',2,'Lat machine presa stretta',3,3,'10-12',75,'RPE 8',null),
  ('Ricomposizione Corporea 3 Giorni',2,'Alzate laterali',4,3,'15',45,null,null),
  ('Ricomposizione Corporea 3 Giorni',3,'Kettlebell swing',1,4,'15',60,'Tecnico',null),
  ('Ricomposizione Corporea 3 Giorni',3,'Mountain climber',2,4,'30 sec',45,null,null),
  ('Ricomposizione Corporea 3 Giorni',3,'Vogatore',3,1,'12 min',0,'Moderato',null),
  ('Ricomposizione Corporea 3 Giorni',3,'Plank',4,3,'45 sec',45,null,null),
  ('Dimagrimento 3 Giorni',1,'Leg press',1,3,'12',60,'RPE 7',null),
  ('Dimagrimento 3 Giorni',1,'Push up',2,3,'10',45,null,null),
  ('Dimagrimento 3 Giorni',1,'Pulley basso',3,3,'12',60,'RPE 7',null),
  ('Dimagrimento 3 Giorni',1,'Camminata tapis roulant',4,1,'15 min',0,'Zona 2',null),
  ('Dimagrimento 3 Giorni',2,'Affondi',1,3,'12 per lato',60,null,null),
  ('Dimagrimento 3 Giorni',2,'Hip thrust',2,3,'12',75,'RPE 7',null),
  ('Dimagrimento 3 Giorni',2,'Cyclette',3,1,'20 min',0,'Moderato',null),
  ('Dimagrimento 3 Giorni',2,'Crunch',4,3,'20',45,null,null),
  ('Dimagrimento 3 Giorni',3,'Burpee',1,4,'8',60,null,null),
  ('Dimagrimento 3 Giorni',3,'Thruster manubri',2,4,'10',60,'Leggero',null),
  ('Dimagrimento 3 Giorni',3,'HIIT bike',3,1,'10 min',0,'Intervalli',null),
  ('Dimagrimento 3 Giorni',3,'Dead bug',4,3,'10 per lato',45,null,null),
  ('Forza Base 4 Giorni',1,'Squat',1,5,'5',180,'Progressivo',null),
  ('Forza Base 4 Giorni',1,'Leg curl',2,3,'10',75,null,null),
  ('Forza Base 4 Giorni',1,'Calf raise',3,4,'12',45,null,null),
  ('Forza Base 4 Giorni',1,'Plank',4,3,'45 sec',45,null,null),
  ('Forza Base 4 Giorni',2,'Panca piana bilanciere',1,5,'5',180,'Progressivo',null),
  ('Forza Base 4 Giorni',2,'Panca inclinata manubri',2,3,'8',90,null,null),
  ('Forza Base 4 Giorni',2,'Pushdown corda',3,3,'12',60,null,null),
  ('Forza Base 4 Giorni',2,'Face pull',4,3,'15',60,null,null),
  ('Forza Base 4 Giorni',3,'Stacco rumeno',1,5,'5',180,'Progressivo',null),
  ('Forza Base 4 Giorni',3,'Hip thrust',2,4,'8',120,null,null),
  ('Forza Base 4 Giorni',3,'Leg extension',3,3,'12',60,null,null),
  ('Forza Base 4 Giorni',3,'Pallof press',4,3,'10 per lato',45,null,null),
  ('Forza Base 4 Giorni',4,'Trazioni alla sbarra',1,4,'max tecnico',120,null,null),
  ('Forza Base 4 Giorni',4,'Military press',2,4,'6',120,null,null),
  ('Forza Base 4 Giorni',4,'Rematore manubrio',3,3,'10 per lato',90,null,null),
  ('Forza Base 4 Giorni',4,'Curl bilanciere',4,3,'10',60,null,null),
  ('Glutei e Gambe Focus 3 Giorni',1,'Hip thrust',1,5,'6-8',150,'RPE 8',null),
  ('Glutei e Gambe Focus 3 Giorni',1,'Leg press',2,4,'10',120,'RPE 8',null),
  ('Glutei e Gambe Focus 3 Giorni',1,'Stacco rumeno',3,4,'8',120,'RPE 8',null),
  ('Glutei e Gambe Focus 3 Giorni',1,'Abductor machine',4,4,'15-20',60,null,null),
  ('Glutei e Gambe Focus 3 Giorni',2,'Chest press',1,3,'10',75,null,null),
  ('Glutei e Gambe Focus 3 Giorni',2,'Lat machine presa larga',2,3,'10',75,null,null),
  ('Glutei e Gambe Focus 3 Giorni',2,'Shoulder press manubri',3,3,'10',75,null,null),
  ('Glutei e Gambe Focus 3 Giorni',2,'Face pull',4,3,'15',45,null,null),
  ('Glutei e Gambe Focus 3 Giorni',3,'Bulgarian split squat',1,4,'10 per lato',90,null,null),
  ('Glutei e Gambe Focus 3 Giorni',3,'Glute bridge',2,4,'15',60,null,null),
  ('Glutei e Gambe Focus 3 Giorni',3,'Slanci ai cavi',3,3,'15 per lato',60,null,null),
  ('Glutei e Gambe Focus 3 Giorni',3,'Stair climber',4,1,'12 min',0,'Moderato',null)
) as e(template_name, day_order, exercise_name, exercise_order, sets, reps, rest_seconds, suggested_load, notes)
join public.workout_templates wt on wt.name = e.template_name
join public.workout_template_days wtd on wtd.workout_template_id = wt.id and wtd.day_order = e.day_order
join public.exercise_catalog ec on ec.name = e.exercise_name
on conflict (workout_template_day_id, exercise_order) do update set
  exercise_catalog_id = excluded.exercise_catalog_id,
  sets = excluded.sets,
  reps = excluded.reps,
  rest_seconds = excluded.rest_seconds,
  suggested_load = excluded.suggested_load,
  notes = excluded.notes;
